type_Motor,type_Batt,vmax,tm,grade,mile,Cal_E,time,Rank
Motor_Pe_70,BATT_5023,165,10.3011029239692,0.263141141799651,424.903305555556,17.0911081302125,0.4177883,1
